City_ID,City,Lat,Lng,Max Temp,Humidity,Cloudiness,Wind Speed,Country,Date
0,zorritos,-3.3318,-81.0562,22.58,85,94,5.91,PE,1698546313
1,punta arenas,-54.4893,-71.2913,-3.92,73,84,0.7,CL,1698546313
2,gore,-45.642,169.2854,14.96,51,71,0.86,NZ,1698546315
3,porto velho,-8.6404,-62.9889,25.75,72,24,1.29,BR,1698546315
4,murghob,39.0794,73.73,-13.72,74,77,1.7,TJ,1698546316
5,tazovsky,66.2352,81.2095,-14.25,93,39,4.15,RU,1698546316
6,kirensk,58.9723,109.145,-4.69,56,100,5.07,RU,1698546317
7,zeribet el oued,27.308,103.1477,6.01,83,92,0.43,CN,1698546318
8,ilha de mocambique,40.0507,79.9789,15.62,28,100,2.09,CN,1698546318
9,new norfolk,34.309,6.1807,24.92,40,100,4.12,DZ,1698546318
10,remire-montjoly,79.609,-104.7599,-14.92,96,99,2.76,CA,1698546319
11,scottburgh,73.3117,84.4331,-14.88,100,98,1.97,RU,1698546319
12,thompson,49.0921,-114.2613,-7.18,89,85,0.61,CA,1698546320
13,hola,11.3938,25.2891,25.75,61,99,2.33,SD,1698546320
14,vangaindrano,64.8773,-98.6495,-10.42,92,98,3.26,CA,1698546321
15,iskateley,50.0695,82.2463,2.58,70,100,7.0,KZ,1698546321
16,lihue,-1.5512,40.3831,23.8,94,40,1.81,KE,1698546321
17,qaqortoq,-23.2358,47.2256,18.16,98,47,1.01,MG,1698546322
18,port-aux-francais,51.6066,42.516,3.75,92,100,12.06,RU,1698546322
19,petropavlovsk-kamchatsky,26.865,35.5985,27.81,69,2,6.19,SA,1698546323
20,talakan,15.3681,34.6842,27.29,59,56,4.39,SD,1698546323
21,east london,30.7798,10.5756,21.53,26,89,5.48,LY,1698546324
22,sitka,38.8869,46.4417,19.0,46,6,2.71,AM,1698546324
23,talnakh,-6.8862,148.7056,26.98,79,100,3.31,PG,1698546324
24,ta`u,50.7019,130.4049,5.48,43,70,3.23,RU,1698546325
25,fuglafjordur,-31.465,-68.3072,26.57,10,6,6.44,AR,1698546325
26,port alfred,44.6857,99.8577,5.22,39,57,1.3,MN,1698546326
27,victorica,66.1997,129.4251,-9.36,94,100,1.13,RU,1698546327
28,lodja,35.2735,112.8378,20.6,34,0,1.28,CN,1698546327
29,santiago,50.7043,108.4252,-4.08,45,17,0.17,RU,1698546327
30,tual,26.5277,-101.0251,24.16,56,0,1.67,MX,1698546327
31,jamestown,67.9364,-158.5665,-2.65,93,100,1.61,US,1698546327
32,timimoun,57.3919,-161.3539,7.7,89,100,13.21,US,1698546328
33,iqaluit,-4.3815,-33.4919,26.99,74,83,8.46,BR,1698546328
34,aguachica,69.8897,-179.0018,-3.92,92,100,15.59,RU,1698546329
35,horta,23.6593,109.6746,20.3,95,100,2.55,CN,1698546330
36,sandnessjoen,-33.5756,-57.1978,18.09,71,0,3.02,UY,1698546330
37,fonadhoo,60.3747,-92.3887,-3.02,69,100,6.95,CA,1698546331
38,grand falls-windsor,-35.1157,-66.1009,22.07,17,84,7.67,AR,1698546331
39,seymour,-2.8236,24.3062,20.07,93,82,0.13,CD,1698546331
40,taltal,58.0255,-162.7192,7.37,97,100,10.04,US,1698546332
41,greeneville,-28.9367,-55.0363,16.73,95,19,0.81,BR,1698546332
42,badger,29.3225,1.6163,25.39,22,22,2.81,DZ,1698546334
43,cromer,-25.9125,-51.5337,17.91,99,100,1.46,BR,1698546334
44,vilyuchinsk,45.7522,140.5489,9.05,50,5,2.71,JP,1698546335
45,mcalester,50.7199,52.6443,11.9,92,45,8.22,KZ,1698546335
46,chibougamau,8.3085,-73.5526,22.94,93,97,1.26,CO,1698546335
47,enewetak,6.7964,-6.9322,21.59,98,7,1.13,CI,1698546336
48,san rafael,3.0681,-57.894,26.78,69,100,2.29,GY,1698546337
49,mendota,67.3096,10.0757,5.72,61,98,8.78,NO,1698546337
50,gumdag,-40.1935,-66.358,12.78,30,6,11.88,AR,1698546337
51,lepsy,1.4081,73.6752,27.96,75,88,8.69,MV,1698546337
52,minas de marcona,-39.1925,-56.9192,14.12,85,71,10.97,AR,1698546337
53,chiredzi,-2.689,133.6304,30.62,61,100,0.66,ID,1698546338
54,aykhal,16.723,83.7591,27.71,69,100,4.44,IN,1698546338
55,hammerfest,-36.775,144.952,26.46,16,100,5.9,AU,1698546338
56,melekhovo,-9.3775,-73.4287,24.42,82,100,1.35,PE,1698546338
57,badagry,37.6576,38.931,18.45,51,0,1.36,TR,1698546339
58,sulak,36.0482,-82.7322,17.38,83,100,0.0,US,1698546339
59,edson,67.6163,70.0112,-12.53,95,62,2.52,RU,1698546340
60,sao vicente,-30.1417,128.6869,25.13,27,0,1.97,AU,1698546340
61,berbera,-9.8143,-70.8899,22.24,97,100,0.73,BR,1698546340
62,perelyub,55.8401,96.7898,-5.03,81,100,3.78,RU,1698546340
63,kapuskasing,62.3223,-10.1732,8.55,77,100,11.56,FO,1698546341
64,el calafate,70.3614,134.2875,-8.62,95,100,1.03,RU,1698546341
65,stettler,-28.6463,149.271,26.76,21,0,2.89,AU,1698546341
66,ushtobe,54.9357,-98.4743,-5.88,80,88,2.03,CA,1698546342
67,albu kamal,68.843,-140.6651,-11.85,97,100,1.56,CA,1698546343
68,pangkalpinang,65.1569,-127.2668,-4.41,93,88,0.61,CA,1698546343
69,guerrero negro,-9.9367,-137.8477,27.01,70,1,7.11,PF,1698546344
70,vrangel',53.9024,140.406,2.98,71,86,7.21,RU,1698546344
71,polyarnyy,-26.3598,149.3778,24.89,26,0,2.9,AU,1698546344
72,kushiro,50.6251,157.2099,6.59,76,100,4.33,RU,1698546345
73,musay'id,67.0888,154.6561,-13.55,86,39,2.52,RU,1698546346
74,sorong,49.1739,60.7826,8.02,99,100,4.36,KZ,1698546346
75,kimbe,-19.4899,62.3872,24.52,76,46,3.61,MU,1698546346
76,la reforma,34.925,-95.3075,9.11,97,100,2.53,US,1698546346
77,porbandar,56.796,-74.8287,-10.97,95,81,1.88,CA,1698546346
78,kavieng,56.009,163.8569,4.84,66,20,1.33,RU,1698546347
79,gaiman,-6.6048,23.9009,19.91,92,45,0.25,CD,1698546347
80,natal,58.8837,-130.4427,-2.6,54,92,1.15,CA,1698546347
81,olonkinbyen,21.4412,-70.2632,28.12,78,12,6.34,TC,1698546348
82,tazacorte,57.3309,-76.4487,-4.94,80,90,0.6,CA,1698546348
83,shimoda,-34.087,-69.2596,8.47,50,100,8.72,AR,1698546349
84,ngama,36.6192,-120.6565,12.61,24,0,2.47,US,1698546349
85,huarmey,13.4724,-91.0182,28.39,78,92,9.34,GT,1698546350
86,kodinsk,38.57,54.4862,19.96,44,94,1.65,TM,1698546351
87,basco,46.9377,79.7258,7.83,93,100,4.98,KZ,1698546351
88,nyazepetrovsk,23.9316,97.9778,19.38,66,11,0.98,CN,1698546351
89,hermanus,-21.8108,31.7721,20.81,66,3,5.41,ZW,1698546352
90,sao tome,1.0549,30.4149,20.1,91,76,0.94,UG,1698546352
91,itoman,-31.7346,134.5393,22.88,23,0,4.29,AU,1698546353
92,tralee,56.085,41.346,-0.47,70,100,3.73,RU,1698546353
93,timmins,10.8015,-75.5319,25.01,80,99,6.57,CO,1698546354
94,constantia,30.3466,34.0122,22.07,68,6,1.71,EG,1698546354
95,linxia chengguanzhen,-44.1289,-64.4118,12.38,45,17,15.3,AR,1698546354
96,haiku-pauwela,62.7389,-134.9983,-7.97,96,94,1.14,CA,1698546354
97,vadso,6.4267,2.8662,25.88,87,18,1.8,NG,1698546355
98,kayenta,17.0992,-6.9272,29.09,11,1,3.75,MR,1698546355
99,khorugh,41.3899,94.0794,9.75,36,0,1.23,CN,1698546355
100,fale old settlement,43.6291,47.9449,15.67,88,10,2.41,RU,1698546355
101,iskushuban,-0.4903,-75.1184,24.83,88,73,1.09,CO,1698546356
102,kovdor,54.5001,-116.921,-4.32,85,13,1.47,CA,1698546356
103,taoudenni,51.8518,50.8511,10.0,85,38,8.41,RU,1698546357
104,withernsea,43.072,-122.6302,1.24,43,0,2.63,US,1698546357
105,caburan,51.9578,-111.7393,-3.28,91,93,5.05,CA,1698546358
106,terbanggi besar,66.4169,-161.298,0.79,90,100,6.19,US,1698546358
107,batticaloa,43.7727,23.513,13.77,65,7,1.35,BG,1698546358
108,ankpa,44.4209,122.9618,14.01,33,27,6.77,CN,1698546358
109,usinsk,43.6225,72.223,15.64,48,85,2.36,KZ,1698546359
110,las palmas,68.7017,-53.3299,-3.7,76,100,5.9,GL,1698546359
111,ungsang-nodongjagu,-23.1936,-149.2185,21.73,77,99,9.42,PF,1698546360
112,okhotsk,45.8189,78.2256,11.75,85,100,8.2,KZ,1698546360
113,katsuura,69.2638,80.507,-18.2,97,72,2.91,RU,1698546360
114,onega,-31.9175,150.5334,25.48,24,58,0.44,AU,1698546361
115,plettenberg bay,51.4035,127.2132,5.37,41,100,5.27,RU,1698546362
116,flying fish cove,67.5879,-123.9744,-10.7,98,96,2.87,CA,1698546363
117,al marj,39.6456,-77.2764,22.42,82,40,2.57,US,1698546363
118,mizdah,34.2028,40.3121,23.37,31,17,5.18,SY,1698546364
119,ovalle,-2.6622,105.784,29.73,62,21,5.4,ID,1698546364
120,madang,41.9098,-108.1055,-5.11,60,68,5.71,US,1698546366
121,cururupu,64.7517,-14.4077,2.35,85,100,2.75,IS,1698546366
122,gilford,51.111,43.9019,4.77,89,100,12.63,RU,1698546368
123,damboa,42.1883,144.21,12.17,86,69,7.1,JP,1698546368
124,kayyerkan,23.5131,50.8121,24.31,56,99,2.06,SA,1698546370
125,vondrozo,-2.8648,132.0136,27.54,76,100,2.09,ID,1698546371
126,uribia,-6.2873,148.844,27.58,77,49,4.04,PG,1698546371
127,goba,24.5332,-108.3929,26.1,68,0,5.26,MX,1698546371
128,ugoofaaru,20.6991,68.9968,27.89,66,53,4.4,IN,1698546372
129,namie,39.8317,-72.1557,18.05,86,5,6.21,US,1698546373
130,rantepao,21.9344,97.8551,20.69,89,98,0.52,MM,1698546373
131,umluj,20.5026,-87.456,26.53,87,0,1.87,MX,1698546373
132,saint-gilles,-44.3444,-66.3658,7.99,35,74,14.57,AR,1698546374
133,phan rang-thap cham,-11.5562,142.3609,32.98,42,93,7.91,AU,1698546374
134,crane,68.2249,-125.3413,-10.14,98,93,3.06,CA,1698546375
135,baklan,-31.6142,-55.9889,20.47,90,52,1.85,UY,1698546375
136,katabu,41.5619,107.5229,9.56,37,20,7.63,CN,1698546377
137,ipaucu,1.33,106.3776,28.54,67,68,2.78,ID,1698546377
138,hpa-an,-27.7934,-54.5817,17.14,96,98,2.03,BR,1698546377
139,bullsbrook,66.1719,115.0953,-14.09,97,98,2.57,RU,1698546378
140,rahim yar khan,56.9447,54.32,-0.98,96,100,5.84,RU,1698546378
141,bereket,57.6699,32.4813,-1.62,96,100,2.86,RU,1698546379
142,loreto,33.7948,138.9005,18.85,63,17,9.01,JP,1698546379
143,boysun,-28.4932,-62.7454,25.73,60,0,4.1,AR,1698546379
144,greytown,50.1864,-90.5028,-5.49,95,88,3.84,CA,1698546380
145,orai,38.1964,104.5945,12.68,26,10,0.47,CN,1698546380
146,lianjiang,30.3215,130.1174,20.72,55,1,2.55,JP,1698546381
147,cargados carajos,14.7777,16.4002,28.39,16,48,4.74,TD,1698546381
148,igdir,67.4077,172.1273,-14.5,91,100,6.88,RU,1698546382
149,slavonski brod,12.0483,17.5563,27.75,33,10,1.52,TD,1698546382
150,tocopilla,9.1445,167.6576,28.02,78,95,8.33,MH,1698546382
151,dryden,31.3245,44.7176,24.02,33,57,3.22,IQ,1698546383
152,riohacha,-15.7492,-5.9068,19.03,83,14,6.75,SH,1698546384
153,santa cruz,40.1878,-116.8862,-1.55,33,0,3.25,US,1698546384
154,boyolangu,66.9495,-130.3551,-10.26,98,100,0.48,CA,1698546385
155,talara,58.3257,98.6056,-3.83,70,100,4.26,RU,1698546385
156,male,68.9869,-120.4343,-8.28,89,100,7.63,CA,1698546385
157,jambi city,22.0584,122.8454,26.85,68,80,6.95,TW,1698546385
158,puerto baquerizo moreno,32.8412,-86.3906,18.57,59,0,1.77,US,1698546385
159,mora,56.0961,59.6462,-3.88,90,100,4.92,RU,1698546386
160,duncan,60.7354,158.2175,1.34,73,30,3.69,RU,1698546386
161,fort mcmurray,-53.8618,-66.743,4.95,79,100,9.37,AR,1698546387
162,bikenibeu village,5.1026,-57.9692,24.87,87,100,1.74,GY,1698546388
163,abraham's bay,68.5198,-116.8262,-5.19,95,100,7.8,CA,1698546388
164,bangassou,65.1651,128.3869,-7.56,95,100,0.4,RU,1698546389
165,laojunmiao,65.0316,-174.6517,0.41,99,100,3.15,RU,1698546389
166,weihai,27.8078,51.7131,26.55,52,1,1.75,IR,1698546390
167,ola,7.4935,47.8286,22.97,78,83,3.58,SO,1698546390
168,inhambane,25.2119,109.3573,18.7,89,100,0.91,CN,1698546390
169,mtimbira,0.8479,6.0742,26.65,82,59,3.05,ST,1698546391
170,pont rouge,0.8153,19.4172,22.38,90,55,1.04,CD,1698546391
171,ciudad lazaro cardenas,27.3606,91.1561,15.26,53,7,0.49,BT,1698546391
172,kourou,54.2167,137.1123,1.62,66,8,0.76,RU,1698546393
173,saudarkrokur,-24.6314,-55.6266,19.87,99,100,2.56,PY,1698546394
174,cascais,56.7211,74.8553,-8.41,95,62,2.37,RU,1698546395
175,tabas,2.5283,-158.2135,28.41,70,46,3.84,KI,1698546395
176,itaituba,48.0593,-82.2093,-0.12,64,100,1.19,CA,1698546395
177,vuktyl,33.6113,103.0503,2.3,43,1,2.45,CN,1698546396
178,puerto aysen,-8.3227,108.5639,26.58,79,100,4.59,ID,1698546398
179,alghero,58.0667,162.3188,3.24,65,17,2.3,RU,1698546398
180,acaponeta,-0.4189,6.2861,26.17,82,15,3.09,ST,1698546399
181,al 'alamayn,30.5497,23.3631,20.63,73,100,2.75,LY,1698546399
182,igrim,37.3879,-110.3789,9.06,50,65,4.49,US,1698546400
183,sanandaj,37.1246,71.7253,-8.19,51,100,1.06,TJ,1698546400
184,kibondo,45.2007,-100.0464,-6.71,92,51,2.15,US,1698546400
185,howard springs,10.7257,49.9955,18.16,79,100,1.56,SO,1698546401
186,ahau,20.8611,76.8759,21.82,51,1,0.78,IN,1698546401
187,derzhavinsk,68.1372,29.1992,-11.98,98,99,0.4,FI,1698546401
188,mukah,25.1025,-12.6262,20.99,55,0,3.6,MR,1698546402
189,richards bay,20.0454,-2.4589,28.15,14,0,3.53,ML,1698546403
190,vicam,-18.4207,-69.9326,10.1,76,69,0.55,CL,1698546403
191,braniewo,-5.0234,38.0851,21.0,94,91,1.44,TZ,1698546404
192,inyonga,-22.698,144.2204,30.33,23,74,5.05,AU,1698546404
193,virginia,54.1034,1.1036,12.15,90,100,6.68,GB,1698546404
194,wanning,5.3903,126.3681,28.21,70,92,2.65,PH,1698546405
195,kapa'a,-3.9949,105.715,31.99,47,11,3.89,ID,1698546406
196,suomussalmi,-32.8081,23.6051,7.25,63,34,7.26,ZA,1698546406
197,lively,7.3655,7.6985,22.98,88,100,1.81,NG,1698546406
198,kharkhauda,49.4737,131.5602,7.2,36,68,0.56,RU,1698546407
199,cambria,68.6725,58.8836,-11.13,90,30,2.49,RU,1698546407
200,vallenar,59.6793,161.2026,0.75,76,91,1.98,RU,1698546407
201,masina,-22.3232,15.7214,19.42,30,34,1.89,NA,1698546408
202,liwale,33.9175,109.6803,13.73,52,0,1.07,CN,1698546408
203,itamaraca,9.6673,125.3121,28.4,72,24,2.34,PH,1698546408
204,narvik,-18.2696,32.5551,17.83,61,0,1.25,ZW,1698546408
205,quatre cocos,22.5369,-110.6381,24.5,66,1,5.52,MX,1698546409
206,abong mbang,-27.8419,141.7871,31.91,12,2,4.07,AU,1698546409
207,lesnoy,24.1701,96.3843,24.74,74,11,0.94,MM,1698546410
208,beledweyne,42.1158,130.8076,10.66,50,0,1.27,KP,1698546410
209,sao felix do xingu,58.2115,-92.2521,-2.3,74,100,9.47,CA,1698546410
210,nha trang,54.4953,118.6894,-3.04,62,57,2.64,RU,1698546411
211,binji,55.5782,137.7811,2.08,62,7,3.84,RU,1698546411
212,bonthe,37.9042,54.8547,21.03,39,15,3.15,IR,1698546411
213,twon-brass,-8.6771,141.3854,25.74,86,100,3.7,PG,1698546412
214,puerto rosario,52.4111,-120.3368,-2.55,40,0,0.74,CA,1698546412
215,shihezi,15.2676,-94.446,28.49,77,100,3.42,MX,1698546413
216,murmashi,-27.8442,19.5763,13.58,37,0,8.98,NA,1698546413
217,kununurra,-18.1774,-169.0428,25.34,81,78,10.03,NU,1698546414
218,nacozari de garcia,54.064,-68.2259,-5.58,89,100,9.77,CA,1698546414
219,ujae,63.5655,39.0219,-3.77,95,100,1.33,RU,1698546415
220,umea,-28.7487,115.6571,22.35,23,0,5.54,AU,1698546415
221,tome acu,56.8558,73.558,-8.5,96,92,2.17,RU,1698546415
222,novyy urgal,64.3646,177.8108,2.28,99,100,5.37,RU,1698546415
223,burutu,-33.7475,23.5809,5.93,73,76,2.2,ZA,1698546416
224,kyenjojo,32.5686,20.8052,18.54,84,46,0.39,LY,1698546419
225,oamaru,46.5582,14.8549,6.99,99,65,1.22,SI,1698546419
226,huanuni,30.877,12.098,20.29,25,82,3.65,LY,1698546419
227,frontera,50.0351,108.9884,-2.72,52,30,0.94,RU,1698546419
228,larne,6.8295,15.9446,19.58,91,16,0.65,CF,1698546420
229,ash shafa,42.0755,-6.5237,10.13,96,100,5.94,ES,1698546420
230,nabire,6.8939,161.3104,28.82,71,25,2.35,FM,1698546420
231,nuku'alofa,45.2249,26.2036,11.41,62,8,2.22,RO,1698546421
232,muhldorf,-14.4483,27.1011,21.46,62,53,2.39,ZM,1698546422
233,oak island,67.8766,155.8381,-13.02,86,22,2.96,RU,1698546423
234,batang,-1.6092,-55.0522,27.63,48,40,1.33,BR,1698546423
235,thomson,15.5753,49.46,19.07,69,24,1.01,YE,1698546424
236,carutapera,-4.0566,104.1052,31.32,45,16,2.39,ID,1698546424
237,kultali,12.608,51.8903,26.26,78,35,5.67,YE,1698546425
238,prudentopolis,44.6673,-105.2856,-7.39,93,10,2.43,US,1698546425
239,kalemie,72.2342,-76.2403,-14.76,97,100,1.22,CA,1698546425
240,labuan,21.7013,-110.4419,24.72,68,23,5.35,MX,1698546425
241,savave village,1.7858,26.2719,19.43,97,64,0.89,CD,1698546426
242,olinda,-26.0578,130.5329,33.11,7,3,7.1,AU,1698546426
243,puerto escondido,69.8572,-104.6686,-9.29,90,100,8.26,CA,1698546428
244,arteche,64.1307,24.0159,-1.35,87,99,2.08,FI,1698546429
245,lima,35.6613,-101.1058,1.15,100,100,7.2,US,1698546430
246,las heras,42.6001,53.0069,17.43,59,99,4.24,KZ,1698546431
247,valle de la pascua,43.609,-71.3826,14.16,69,0,4.47,US,1698546431
248,dingzhou,47.3405,-104.8811,-7.92,72,91,6.08,US,1698546431
249,marco island,-32.1922,26.4891,1.92,86,99,6.29,ZA,1698546431
250,yamada,11.2118,12.9483,24.5,24,30,1.66,NG,1698546432
251,columbia falls,17.9339,-87.7747,28.89,81,4,6.14,BZ,1698546432
252,kawm umbu,21.0164,-17.7558,22.88,79,10,8.6,MR,1698546433
253,cumaribo,65.9618,-160.7488,0.01,93,75,4.12,US,1698546433
254,kargil,20.7692,121.5174,26.71,75,4,5.29,PH,1698546434
255,kulhudhuffushi,40.4656,-123.2928,2.17,26,0,1.77,US,1698546434
256,tchintabaraden,38.8375,32.2433,14.43,57,28,0.93,TR,1698546435
257,baglung,-77.1884,173.4168,-15.74,81,99,7.55,AQ,1698546435
258,melfi,9.823,-13.685,25.26,85,37,1.3,GN,1698546436
259,chiang saen,50.1197,79.4661,0.54,98,100,4.51,KZ,1698546437
260,mingyue,30.6422,27.6196,19.51,77,3,3.04,EG,1698546437
261,ruma,56.1408,-101.2258,-7.38,78,74,1.95,CA,1698546438
262,borodino,32.9197,78.0465,-7.1,31,3,0.25,IN,1698546438
263,mossel bay,-22.0655,113.8026,30.03,52,45,7.74,AU,1698546439
264,paramonga,66.2017,112.6597,-14.75,96,97,3.35,RU,1698546440
265,buka,64.9148,129.2833,-10.24,95,100,1.64,RU,1698546440
266,galdar,-23.1466,46.9851,19.24,94,97,1.32,MG,1698546440
267,nasaud,51.3746,27.0979,7.01,93,90,0.87,UA,1698546441
268,cill airne,12.7994,-71.6916,28.72,72,96,3.96,CO,1698546441
269,chadron,5.8891,40.3961,22.55,88,100,1.24,ET,1698546442
270,kem',73.6381,-85.3857,-12.42,92,100,2.33,CA,1698546443
271,fada,16.1493,74.8711,22.37,49,51,4.45,IN,1698546443
272,kenora,67.7336,-156.1225,-2.79,88,100,2.51,US,1698546443
273,betio village,31.9179,-16.1826,22.36,80,89,6.14,PT,1698546444
274,cardoso,27.3734,73.4199,25.41,31,6,3.43,IN,1698546444
275,komsomolets,42.7533,5.9976,19.27,82,8,7.25,FR,1698546444
276,newman,-18.365,49.9346,25.33,80,2,4.56,MG,1698546446
277,mirnyy,-11.1599,40.3487,22.86,90,84,1.4,MZ,1698546447
278,kaa-khem,37.4468,141.9346,17.79,77,83,14.3,JP,1698546447
279,california city,-3.0816,119.9189,29.05,40,2,1.78,ID,1698546447
280,hovelhof,25.5807,37.2365,25.29,56,80,5.54,SA,1698546448
281,inirida,-41.4602,-68.8757,2.3,62,34,16.18,AR,1698546448
282,erenhot,43.5674,4.4832,19.13,78,58,10.59,FR,1698546450
283,azangaro,33.1999,93.9634,-6.84,61,6,2.71,CN,1698546451
284,hell-ville,68.3535,51.6288,-10.24,90,100,7.06,RU,1698546451
285,macas,37.0313,-6.7579,19.67,84,54,6.52,ES,1698546451
286,sovetskiy,10.8859,108.9189,27.71,81,52,7.97,VN,1698546452
287,dolores,39.5802,-120.9306,7.42,25,0,4.19,US,1698546452
288,chernyakhovsk,-20.0123,44.2484,24.84,80,0,2.23,MG,1698546453
289,pervomayskoye,-22.3072,17.9725,15.32,22,3,4.23,NA,1698546453
290,olgii,70.9306,-91.1239,-5.97,77,100,4.58,CA,1698546453
291,thabazimbi,59.7666,-1.9837,8.01,71,98,14.07,GB,1698546454
292,totskoye,53.5208,-81.1463,0.11,82,100,10.66,CA,1698546454
293,belle fourche,70.6341,-126.6418,-1.22,69,100,8.96,CA,1698546454
294,fuerte olimpo,37.9046,29.4229,7.24,72,4,1.24,TR,1698546454
295,qui nhon,18.6826,-99.692,16.56,90,69,1.24,MX,1698546455
296,tahe,46.7816,61.0724,12.33,86,100,3.64,KZ,1698546456
297,gwanda,-41.8138,-75.4899,9.16,70,95,11.83,CL,1698546456
298,suileng,48.6078,43.3249,10.67,68,0,9.86,RU,1698546457
299,stornoway,-8.3752,-64.5492,25.02,77,100,0.87,BR,1698546457
300,market deeping,5.6826,72.1464,28.1,76,69,3.52,MV,1698546457
301,pisco,-23.0975,-49.5759,21.61,92,100,3.18,BR,1698546458
302,salta,17.0206,97.6254,25.97,90,100,1.15,MM,1698546458
303,shangri-la,71.0133,-12.0034,0.47,64,100,1.42,SJ,1698546459
304,slave lake,-30.001,115.6304,21.03,32,4,5.27,AU,1698546459
305,broome,70.2161,-162.6993,0.7,98,100,4.0,US,1698546459
306,leh,42.1277,63.9365,16.49,46,91,1.43,UZ,1698546460
307,al-`ula,59.4469,-165.8207,5.94,99,100,6.88,US,1698546461
308,jalapa,2.1267,74.3861,27.75,78,99,8.0,MV,1698546461
309,kapchorwa,5.8942,118.4677,32.08,75,8,1.14,PH,1698546461
310,quelimane,-31.0216,116.2825,20.85,36,11,4.2,AU,1698546462
311,san jose del guaviare,-19.1257,49.4098,25.16,81,4,3.24,MG,1698546463
312,tidjikja,-9.0994,130.8903,27.47,76,16,5.92,ID,1698546463
313,oruro,44.4671,64.1023,15.32,54,100,2.58,KZ,1698546463
314,tinghir,60.7558,-139.5746,-11.97,31,88,2.73,CA,1698546463
315,undurkhaan,28.5109,70.2947,25.4,40,2,2.26,PK,1698546464
316,turpan,5.0549,160.4249,28.72,72,19,4.48,FM,1698546464
317,mojo,45.5733,65.2907,14.17,54,100,2.66,KZ,1698546464
318,concordia,39.1668,55.6936,18.07,48,79,0.1,TM,1698546465
319,ghanzi,-22.2799,143.5556,31.3,20,69,5.02,AU,1698546465
320,salekhard,35.1412,-89.3569,19.9,94,100,1.12,US,1698546466
321,stefan voda,26.5573,-111.1526,26.16,61,0,4.21,MX,1698546467
322,midrand,38.2218,66.9373,14.0,42,100,1.44,UZ,1698546467
323,upington,36.8827,135.303,16.13,56,56,7.65,JP,1698546467
324,merizo village,55.9144,134.8484,-4.74,73,10,2.2,RU,1698546468
325,tegina,49.6361,-4.7419,13.26,74,69,14.03,GB,1698546468
326,ormara,19.7596,110.5754,28.73,84,100,4.8,CN,1698546468
327,vorkuta,6.0832,2.9635,27.77,79,13,3.47,NG,1698546468
328,inverell,31.5127,-64.1382,23.64,76,60,6.64,BM,1698546469
329,sharm el-sheikh,67.1526,-90.6918,-12.73,97,99,2.79,CA,1698546469
330,santa maria,-29.2319,30.5257,8.84,96,100,2.99,ZA,1698546470
331,kzyltu,25.9283,79.4402,22.77,38,98,2.12,IN,1698546470
332,rabaul,12.6432,29.9033,23.51,70,97,2.62,SD,1698546470
333,crucecita,42.3277,-79.0074,8.4,75,98,1.91,US,1698546471
334,ronne,60.0793,76.5941,-16.7,98,59,0.55,RU,1698546471
335,fukuecho,-6.4792,-79.0168,13.15,83,100,1.59,PE,1698546471
336,prineville,21.9282,110.3397,24.35,87,100,1.08,CN,1698546472
337,trubchevsk,34.7965,0.6169,13.39,82,91,1.94,DZ,1698546473
338,berlin,-43.8452,170.2841,2.81,81,54,3.31,NZ,1698546473
339,siocon,35.9507,55.2627,15.02,36,6,0.68,IR,1698546473
340,yigo village,68.6872,135.7884,-6.97,94,100,1.09,RU,1698546474
341,port shepstone,33.4151,113.3451,21.92,51,0,3.42,CN,1698546475
342,cacabelos,43.3127,46.6197,18.05,49,9,1.36,RU,1698546475
343,sinjai,39.8586,44.0142,11.1,71,0,1.54,TR,1698546476
344,aras-asan,45.3034,18.0267,12.26,76,0,1.88,HR,1698546477
345,labytnangi,34.0014,-102.4887,12.06,89,90,6.04,US,1698546478
346,catalina foothills,-24.5402,28.0981,20.72,44,62,3.97,ZA,1698546478
347,adrar,24.3059,121.3531,14.28,81,70,1.01,TW,1698546478
348,meadow lakes,70.4305,-6.0083,0.24,73,100,5.64,SJ,1698546479
349,yel'nya,61.0463,28.8992,1.51,80,91,1.45,RU,1698546479
350,gornopravdinsk,-27.7572,23.9513,7.71,56,0,9.37,ZA,1698546479
351,puerto lempira,72.4147,-85.8696,-8.91,91,100,0.96,CA,1698546480
352,prince rupert,63.0177,159.7612,-8.45,79,0,3.6,RU,1698546480
353,vanino,53.0996,-92.0397,-6.21,75,93,1.74,CA,1698546481
354,motueka,65.7436,55.3682,-9.71,82,100,3.08,RU,1698546481
355,sosua,61.916,128.205,-5.5,94,100,4.57,RU,1698546482
356,juba,-26.2116,-68.7687,-6.28,51,0,2.78,CL,1698546482
357,songea,44.28,81.873,2.04,72,100,3.04,CN,1698546483
358,adler,-19.6199,117.031,26.3,84,51,4.02,AU,1698546483
359,ornskoldsvik,62.1296,22.3517,-6.35,89,13,0.74,FI,1698546483
360,tangshan,56.7629,139.4069,1.25,93,100,6.6,RU,1698546484
361,santa terezinha,18.378,82.5968,20.02,78,86,0.7,IN,1698546486
362,malaya vishera,54.6404,72.7215,-3.01,71,100,4.72,RU,1698546486
363,buritis,-7.0591,158.8101,28.37,75,79,3.35,SB,1698546486
364,balimbing,-1.9966,103.9183,27.44,81,87,2.33,ID,1698546487
365,urumqi,58.4978,138.9164,-7.81,97,100,1.13,RU,1698546487
366,redencao,72.8371,111.1001,-16.94,98,94,2.14,RU,1698546489
367,lagunas,20.0577,-103.2314,16.61,80,100,1.59,MX,1698546489
368,colonia menno,39.4808,-91.4013,5.34,74,100,2.66,US,1698546490
369,rovnoye,60.4503,14.437,-2.22,76,83,1.05,SE,1698546490
370,ladismith,59.5891,-126.8288,-3.54,64,99,0.52,CA,1698546490
371,great bend,34.6019,-97.9682,6.64,85,100,8.23,US,1698546490
372,pagar alam,14.0786,118.8287,28.92,74,9,7.33,PH,1698546490
373,sofo-birnin-gwari,34.2127,45.5222,21.34,42,37,1.67,IQ,1698546490
374,quepos,44.9409,68.8659,13.7,64,100,1.29,KZ,1698546491
375,goderich,3.4419,40.8254,20.71,95,100,4.27,KE,1698546491
376,paulo afonso,40.6649,11.5855,22.15,67,2,5.82,IT,1698546492
377,zaragoza,-18.7664,-53.8593,24.07,76,79,2.82,BR,1698546493
378,lerdo de tejada,-8.7523,-54.874,27.41,42,78,0.42,BR,1698546493
379,raja,58.0354,-111.962,-1.3,86,81,4.55,CA,1698546494
380,verdal,-6.6187,147.1952,25.99,86,89,2.85,PG,1698546494
381,dinghaicun,51.7638,-108.6558,-3.59,93,100,5.4,CA,1698546495
382,darzab,-19.3518,-40.6659,22.85,88,46,1.38,BR,1698546495
383,pak phanang,53.7104,-97.5245,-4.1,70,64,2.97,CA,1698546495
384,tanah merah,35.2611,7.5804,16.52,54,100,2.21,DZ,1698546496
385,ascension,24.7018,30.7719,23.38,41,2,3.68,EG,1698546497
386,santa ana,75.6073,-69.2914,-2.83,80,100,4.3,GL,1698546497
387,coxen hole,5.4092,23.4729,19.6,98,94,1.03,CF,1698546497
388,caconda,52.0192,94.5133,-8.36,34,7,1.13,RU,1698546497
389,villa angela,-3.802,103.5414,31.82,37,41,2.01,ID,1698546497
390,morsi,64.9644,80.0556,-11.46,90,71,4.04,RU,1698546498
391,ambon,37.6608,94.9394,4.07,18,100,0.92,CN,1698546499
392,trzebnica,28.3378,102.11,13.38,78,75,0.66,CN,1698546499
393,saynshand,37.9441,122.3823,16.67,74,6,5.06,CN,1698546500
394,san andres,67.7278,86.1884,-15.8,95,100,3.17,RU,1698546500
395,leua,59.4245,141.3031,-5.54,83,46,3.16,RU,1698546501
396,vargem grande,0.2017,-48.6933,28.42,77,9,7.29,BR,1698546501
397,perevolotskiy,-23.6458,35.6893,23.68,71,4,5.36,MZ,1698546502
398,la rioja,30.1672,10.0523,23.18,21,55,4.15,LY,1698546502
399,nsanje,-8.3953,36.2604,24.19,80,57,1.77,TZ,1698546502
400,kualakapuas,52.4067,-71.0438,-4.91,92,100,5.64,CA,1698546503
401,douglasville,60.4649,88.6904,-10.22,90,93,3.72,RU,1698546503
402,hobyo,10.6937,81.0076,28.19,76,100,5.09,IN,1698546504
403,kalianget,67.6515,-85.2208,-16.72,100,96,2.27,CA,1698546505
404,adis 'alem,-1.7832,42.4882,27.08,79,26,5.55,SO,1698546505
405,san mateo ixtatan,27.9104,70.9325,26.02,31,1,3.79,PK,1698546505
406,nogliki,70.4721,25.1787,-4.14,82,94,2.89,NO,1698546506
407,kashgar,-5.0054,26.9936,20.02,96,27,0.7,CD,1698546506
408,tera,34.8637,-88.844,23.84,71,100,1.86,US,1698546507
409,piney green,41.9138,87.1455,13.99,49,65,0.42,CN,1698546507
410,taungdwingyi,34.3425,33.2101,19.12,68,1,3.67,GB,1698546508
411,mahibadhoo,33.2962,-4.3552,12.99,75,100,0.99,MA,1698546508
412,crescent city,67.7846,15.0919,-2.47,89,100,1.67,NO,1698546509
413,chos malal,1.5118,-66.5756,25.24,85,100,1.09,VE,1698546510
414,nagyatad,7.1217,125.2829,20.51,66,42,0.55,PH,1698546511
415,ellsworth,-48.1035,-73.1787,-3.19,100,100,2.21,CL,1698546512
416,oranjemund,-16.7217,45.4735,23.47,77,0,1.26,MG,1698546512
417,'ali al gharbi,5.9554,-52.6916,28.2,82,85,8.14,GF,1698546512
418,kosh-agach,-17.2917,13.4261,21.35,39,17,1.14,NA,1698546512
419,trinity beach,24.2312,96.0467,24.91,73,8,0.69,MM,1698546513
420,hexham,27.4161,16.9636,21.08,45,0,4.81,LY,1698546513
421,santa marta,45.8675,22.4127,11.17,84,87,0.94,RO,1698546513
422,bathsheba,6.1266,25.295,18.85,98,96,1.24,CF,1698546514
423,krasnoural'sk,38.1218,-7.789,15.31,100,20,5.14,PT,1698546514
424,kuqa,68.3716,15.2282,0.0,78,54,3.01,NO,1698546514
425,komoro,55.3611,-95.4307,-4.58,83,92,1.65,CA,1698546515
426,kuusamo,-9.7501,165.3667,28.39,74,100,4.19,SB,1698546515
427,urzhar,70.3379,-53.9342,-6.87,80,85,5.05,GL,1698546515
428,neryungri,33.5518,57.8448,17.54,39,100,2.27,IR,1698546516
429,gedzhukh,-5.0279,-56.4695,26.62,44,5,0.18,BR,1698546516
430,kastsyukowka,48.9767,118.7096,4.36,44,6,6.14,CN,1698546516
431,galle,54.7894,81.7277,-5.12,71,93,2.54,RU,1698546517
432,lesogorsk,17.9049,43.0169,16.39,57,33,1.83,SA,1698546517
433,altamira,-19.5463,55.2887,25.27,77,7,4.49,RE,1698546517
434,dalandzadgad,20.3399,75.7977,20.74,51,22,0.69,IN,1698546517
435,novaya ladoga,63.9221,59.6065,-17.39,97,81,1.01,RU,1698546517
436,astara,9.1891,30.2657,20.94,96,84,1.54,SS,1698546518
437,sarmiento,23.8965,117.1287,23.44,70,71,2.32,CN,1698546519
438,grafenau,6.1064,6.2414,23.87,96,100,1.65,NG,1698546519
439,kiranur,-8.9134,149.4664,27.11,80,98,4.69,PG,1698546519
440,buba,20.0644,-105.9216,27.21,76,88,6.95,MX,1698546519
441,shilin,40.0284,12.4839,21.99,69,6,4.19,IT,1698546521
442,emmett,31.4917,97.6323,-4.21,29,0,1.34,CN,1698546521
443,odda,35.1793,113.1359,23.55,33,0,3.03,CN,1698546521
444,ondangwa,47.8126,-2.8111,14.35,76,20,4.12,FR,1698546521
445,rafah,35.7574,-6.794,20.25,70,1,4.11,MA,1698546522
446,maintirano,69.8618,134.6639,-9.76,95,100,0.88,RU,1698546523
447,ulanhot,34.5362,68.9927,11.1,45,100,0.98,AF,1698546523
448,lamar,22.5194,50.4867,24.95,43,77,2.87,SA,1698546523
449,anaco,36.1801,61.7616,16.98,40,46,0.62,IR,1698546524
450,burhar,22.7178,-104.8177,19.14,97,17,0.85,MX,1698546525
451,arsk,30.9871,28.16,21.85,68,96,2.49,EG,1698546525
452,takoradi,19.0867,121.6411,27.88,73,7,6.44,PH,1698546526
453,talagutong,-28.9026,26.2308,7.43,61,78,8.07,ZA,1698546527
454,kandalaksha,31.0071,27.0858,18.77,88,4,3.0,EG,1698546528
455,beli,28.6943,-105.3396,22.74,32,1,4.37,MX,1698546528
456,gornyye klyuchi,62.8661,64.7371,-9.95,84,4,1.77,RU,1698546528
457,wagar,35.4827,47.1575,1.66,71,0,1.04,IR,1698546529
458,nurota,43.913,-5.7639,16.13,83,100,8.09,ES,1698546529
459,sonsorol village,43.0694,50.6029,15.76,92,15,1.59,KZ,1698546530
460,shimla,54.9164,-90.1744,-2.89,76,97,1.99,CA,1698546530
461,novyy urengoy,-4.1971,30.8956,19.28,70,91,0.48,TZ,1698546530
462,llerena,31.8143,24.4709,18.82,86,55,0.79,LY,1698546530
463,rice lake,-25.2117,132.3075,33.43,6,97,4.25,AU,1698546531
464,jaciara,57.8898,-98.2161,-6.93,74,100,2.53,CA,1698546532
465,colby,-3.6984,108.8821,28.5,71,8,6.59,ID,1698546532
466,cannonvale,52.9084,122.4255,3.74,55,97,0.87,CN,1698546532
467,homer,8.757,3.0959,24.03,81,40,1.47,NG,1698546535
468,puke,-24.1962,-69.5488,12.92,39,0,0.99,CL,1698546535
469,regina,67.911,129.849,-11.16,94,100,0.62,RU,1698546535
470,afsin,50.134,65.552,4.4,97,100,4.08,KZ,1698546536
471,santangpu,56.3684,-61.9862,-0.99,94,99,1.31,CA,1698546537
472,lyubinskiy,66.6374,-50.945,-14.18,82,100,1.6,GL,1698546538
473,kyabram,36.2323,51.5002,4.7,33,23,1.14,IR,1698546540
474,santana,-0.5903,115.8711,32.25,51,34,1.0,ID,1698546540
475,bykhaw,14.5511,32.9021,25.6,67,73,3.41,SD,1698546541
476,isla aguada,56.2062,-152.5843,8.14,94,100,14.74,US,1698546541
477,jaru,29.8526,-108.1409,9.33,40,0,2.56,MX,1698546541
478,iwanai,52.1145,-11.6341,12.73,73,100,4.72,IE,1698546541
479,orange,75.3188,-98.2388,-12.43,97,100,0.53,CA,1698546542
480,amga,47.8002,135.6024,6.9,35,4,2.03,RU,1698546542
481,spring creek,10.6974,11.2168,24.15,24,12,2.48,NG,1698546542
482,tauranga,28.0588,-110.235,24.5,56,0,2.31,MX,1698546543
483,arzachena,-19.1801,46.9609,16.37,84,41,0.89,MG,1698546543
484,cukai,29.5562,116.842,21.94,71,90,0.37,CN,1698546543
485,butig,-14.9873,-6.6372,19.36,79,97,6.99,SH,1698546543
486,shinkafi,65.2015,130.6049,-11.37,92,100,0.91,RU,1698546543
487,sanghar,54.3339,19.6316,3.91,81,76,3.55,PL,1698546544
488,arvin,-6.6644,33.146,21.68,56,70,2.71,TZ,1698546545
489,holyhead,47.1946,-92.5823,-1.79,62,85,2.23,US,1698546545
490,malabar,71.5713,-53.7638,-7.83,90,100,2.63,GL,1698546546
491,sonegaon,10.8076,29.6043,22.95,83,100,1.05,SD,1698546546
492,sarangani,64.7409,140.9611,-18.16,96,75,0.66,RU,1698546547
493,gharyan,63.2607,5.585,6.81,66,44,7.27,NO,1698546547
494,es castell,74.1118,-56.6074,-6.54,93,100,3.57,GL,1698546548
495,olpad,13.3289,22.6847,25.75,50,54,2.94,SD,1698546549
496,las khorey,-36.0398,-61.4378,18.27,78,100,1.67,AR,1698546549
497,bethanie,25.6914,67.0821,23.27,74,0,1.02,PK,1698546550
498,karungdong,7.4403,157.1411,28.67,72,51,3.27,FM,1698546550
499,horodnye,-23.3048,-149.8458,21.69,76,94,8.97,PF,1698546551
500,ikwiriri,24.6294,-8.6554,25.4,30,70,3.88,MR,1698546551
501,mandalgovi,19.8826,74.0808,21.0,49,7,1.57,IN,1698546551
502,smara,48.2147,25.9513,12.92,69,38,1.61,UA,1698546551
503,qal'at bishah,34.2366,102.3051,3.59,41,0,2.28,CN,1698546552
504,pangody,58.0223,82.3208,-5.87,97,87,0.66,RU,1698546554
505,meadow lake,65.4368,28.4225,-8.69,97,56,1.11,FI,1698546555
506,puerto madero,-27.0722,152.7926,22.03,47,58,4.14,AU,1698546555
507,tot'ma,11.3196,-71.0628,28.72,75,50,4.64,VE,1698546555
508,farah,-32.2372,-67.5023,27.77,9,38,13.43,AR,1698546555
509,san carlos de bariloche,45.597,-81.1557,6.12,61,100,5.67,CA,1698546556
